dataset_part;id;smiles1;smiles2;parts_1;parts_2;total_parts
data0000;17532;CNC(O)C(NC(C)O)C(C)O;CNC(O)C(CC(O)O)NC(C)O.CNC(O)C(CC1CNCN1)NC(O)C(CCCNC(N)N)NC(C)O;1;2;3
data0000;21843;CNC(O)C(CCC(O)O)NC(C)O.CNC(O)C(CCCNC(N)N)NC(C)O;CNC(O)C(CCC(N)O)NC(O)C(CCC(O)O)NC(C)O;2;1;3
data0000;33724;CNC(O)C(CC1CNC2CCCCC12)NC(C)O.CNC(O)C(CC1CNCN1)NC(C)O;CNC(O)C(NC(C)O)C(C)C;2;1;3
data0000;35909;CNC(O)C(CS)NC(C)O;CNC(O)C(CCC(O)O)NC(C)O.CNC(O)C(CO)NC(C)O;1;2;3
data0000;43444;CNC(O)CNC(O)C1CCCN1C(O)CNC(C)O;CNC(O)C(CC(O)O)NC(C)O.CNC(O)C(CCCNC(N)N)NC(C)O;1;2;3
data0001;21859;CNC(O)C(CC(O)O)NC(C)O.CNC(O)C(CCC(N)O)NC(C)O;CCC(C)C(NC(C)O)C(O)NC;2;1;3
data0001;22058;CNC(O)C(C)NC(C)O.CNC(O)C(CC(C)C)NC(C)O;CNC(O)C(CC1CCCCC1)NC(C)O;2;1;3
data0001;32648;CCC(C)C(NC(O)C(CC1CNCN1)NC(C)O)C(O)NC(CC(C)C)C(O)NC.CNC(O)C(CC(O)O)NC(C)O;CNC(O)C(CCC(N)O)NC(C)O;2;1;3
data0001;35201;CNC(O)C(CC(O)O)NC(C)O.CNC(O)C(CC1CCC(O)CC1)NC(C)O;CNC(O)C(NC(C)O)C(C)C;2;1;3
data0002;16472;NC1NCNC2C1NCN2C1OC(CO[PH](O)(O)O)C(O)C1O;NC1CCN(C2OC(CO[PH](O)(O)OC3C(CO[PH](O)(O)O)OC(N4CNC5C(O)NC(N)NC54)C3O)C(O)C2O)C(O)N1.OC1CCN(C2OC(CO[PH](O)(O)O)C(O)C2O)C(O)N1;1;2;3
data0002;19373;CNC(O)C(CC(C)C)NC(C)O.CNC(O)C(CC1CNCN1)NC(C)O;CNC(O)C(C)NC(C)O;2;1;3
data0002;22809;CNC(O)C(CCC(O)O)NC(C)O.CNC(O)C(CCCCN)NC(C)O;CNC(O)C(NC(C)O)C(C)O;2;1;3
data0002;35621;CNC(O)C(NC(O)CNC(O)CNC(O)C(C)NC(O)C(C)NC(O)C(CC(O)O)NC(C)O)C(C)O.NC1NC(O)C2NCN(C3OC(CO[PH](O)(O)O[PH](O)(O)O[PH](O)(O)O)C(O)C3O)C2N1;CNC(O)C(NC(O)C1CCCN1C(C)O)C(C)O;2;1;3
data0002;39399;CNC(O)C(CCCCN)NC(C)O.O[PH](O)(O)OC1C(O[PH](O)(O)O)C(O[PH](O)(O)O)C(O[PH](O)(O)O[PH](O)(O)O)C(O[PH](O)(O)O)C1O[PH](O)(O)O;CNC(O)C(NC(O)C(CO)NC(C)O)C(C)O;2;1;3
data0003;6123;CNC(O)C(CCCNC(N)N)NC(C)O.CNC(O)C1CCCN1C(O)CNC(C)O;CNC(O)C(NC(O)CNC(O)C(CO)NC(C)O)C(C)C;2;1;3
data0003;18254;CNC(O)C(NC(C)O)C(C)O;CNC(O)C(CC(O)O)NC(C)O.CNC(O)C(CCCCN)NC(C)O;1;2;3
data0003;23270;CNC(O)C(NC(C)O)C(C)O;CNC(O)C(CC1CCC(O)CC1)NC(O)C(NC(C)O)C(C)O.CNC(O)C(CCC(O)O)NC(C)O;1;2;3
data0003;33357;CNC(O)C(CCC(N)O)NC(C)O.CNC(O)C(CCCCN)NC(C)O;CNC(O)C(CCC(N)O)NC(C)O;2;1;3
data0004;1236;CNC(O)CNC(C)O;CCC(C)C(NC(O)C(C)NC(C)O)C(O)NC(CCC(O)O)C(O)NC.CNC(O)C(CCCNC(N)N)NC(C)O;1;2;3
data0004;17490;CNC(O)C(CCC(O)O)NC(O)C(CC(C)C)NC(C)O.O[PH](O)(O)OC1C(O[PH](O)(O)O)C(O[PH](O)(O)O)C(O[PH](O)(O)O[PH](O)(O)O)C(O[PH](O)(O)O)C1O[PH](O)(O)O;CNC(O)C(CC(O)O)NC(C)O;2;1;3
data0004;30066;CNC(O)C(CC1CNC2CCCCC12)NC(C)O;CC(O)NC1C(OC(CO[PH](O)(O)OCC(O)C(O)C(C)O)C(O)C(O)CO[PH](O)(O)OCC(O)C(O)C(O)CO)OC(CO)C(O)C1O.CNC(O)C(CC(O)O)NC(O)CNC(C)O;1;2;3
data0004;32105;CNC(O)C(CC(N)O)NC(C)O;NC1NCNC2C1NCN2C1OC(CO[PH](O)(O)O)C(O)C1O.OC1CCN(C2OC(CO[PH](O)(O)O)C(O)C2O)C(O)N1;1;2;3
data0004;34244;CNC(O)C(CC(C)C)NC(C)O.COC1CCC2C(C1)OC1C3CCC(O)CC3OCC21;CNC(O)C(CCCNC(N)N)NC(C)O;2;1;3
data0004;48337;CNC(O)C(CC1CNCN1)NC(C)O.CNC(O)C(CC1CNCN1)NC(O)C(CCC(O)O)NC(C)O;CNC(O)C(CC1CNCN1)NC(C)O;2;1;3
data0005;18715;CNC(O)C(CC(O)O)NC(C)O.CNC(O)C(CCCCN)NC(O)C(CC1CCC(O)CC1)NC(C)O;CNC(O)CNC(O)C(NC(C)O)C(C)O;2;1;3
data0005;40247;CNC(O)C(CC(N)O)NC(C)O;CNC(O)C(CC1CCC(O)CC1)NC(C)O.CNC(O)CNC(C)O;1;2;3
data0005;41999;CNC(O)C(CCC(O)O)NC(C)O.CNC(O)C(CCC(O)O)NC(O)C(CCCCN)NC(C)O;CNC(O)C(CCCCN)NC(C)O;2;1;3
data0005;48801;CNC(O)C1CCCN1C(O)C(CC(C)C)NC(C)O.O;CNC(O)C(CC1CCCCC1)NC(O)C(CC(C)C)NC(C)O;2;1;3
data0006;1274;CNC(O)C(CC(O)O)NC(C)O.CNC(O)C(CCCNC(N)N)NC(C)O;CNC(O)C(CCSC)NC(C)O;2;1;3
data0006;15094;CNC(O)C(CCCCN)NC(C)O.CNC(O)C(NC(O)C(CCC(O)O)NC(C)O)C(C)C;CNC(O)C1CCCN1C(C)O;2;1;3
data0006;19784;CNC(O)CNC(C)O;CNC(O)C(CCC(O)O)NC(C)O.CNC(O)C(NC(C)O)C(C)O;1;2;3
data0006;24799;CCNC(O)C(NC(O)C(CCC(O)O)NC(O)CNC(O)C(CC(N)O)NC(C)O)C(C)O.CNC(O)C(CC1CCC(O)CC1)NC(C)O;CNC(O)C(CC(C)C)NC(C)O;2;1;3
data0006;31030;CNC(O)C(CC(O)O)NC(C)O.CNC(O)C(CC1CNCN1)NC(C)O;CNC(O)C(CCC(O)O)NC(C)O;2;1;3
data0006;45535;CNC(O)C(CC(C)C)NC(C)O;CNC(O)C(CC(N)O)NC(C)O.CNC(O)C(CC1CNC2CCCCC12)NC(O)C(CCCCN)NC(C)O;1;2;3
data0006;47643;CNC(O)C(CC1CCC(O)CC1)NC(C)O.CNC(O)C(CCC(N)O)NC(C)O;CNC(O)C(NC(C)O)C(C)O;2;1;3
data0007;22868;CNC(O)C(CC(O)O)NC(C)O.CNC(O)C(CCCNC(N)N)NC(C)O;CNC(O)C(NC(C)O)C(C)C;2;1;3
data0008;323;CNC(O)C(CC(C)C)NC(C)O;CNC(O)C(CCCCN)NC(C)O.CNC(O)C(CCSC)NC(O)CNC(O)C(CC(O)O)NC(O)C(CCC(O)O)NC(C)O;1;2;3
data0008;18666;CNC(O)C(CCCCN)NC(C)O.CNC(O)CNC(C)O;CNC(O)C(CC1CCCCC1)NC(C)O;2;1;3
data0008;31553;CC1(C)CCCN1CCNC(O)CN1C(O)NNC1O.CNC(O)C1CCCN1C(O)C(NC(O)C1CCCN1C(C)O)C(C)O;CNC(O)CNC(O)CNC(O)C(CC(N)O)NC(O)C(CC(C)C)NC(O)CNC(O)C(CC1CCC(O)CC1)NC(O)CNC(O)CNC(O)CNC(O)C(CO)NC(C)O;2;1;3
data0008;38648;CNC(O)C(NC(C)O)C(C)C;CNC(O)C(CCCNC(N)N)NC(C)O.CNC(O)C1CCCN1C(O)C(CCC(O)O)NC(C)O;1;2;3
data0008;49103;CNC(O)C(CC1CCC(O)CC1)NC(C)O;CNC(O)C(CCCCN)NC(O)C(CC(O)O)NC(O)CNC(C)O.CNC(O)C(CO)NC(O)C(CCC(N)O)NC(O)C(CCC(O)O)NC(C)O;1;2;3
data0009;2862;CNC(O)C(CC(O)O)NC(C)O.CNC(O)C(CO)NC(C)O;CNC(O)C(CC1CCC(O)CC1)NC(C)O;2;1;3
data0009;8087;CNC(O)C(NC(C)O)C(C)O;CNC(O)C(CC(O)O)NC(C)O.CNC(O)C(CC1CCC(O)CC1)NC(O)C(CCCCN)NC(C)O;1;2;3
data0009;15222;CNC(O)C(CC(O)O)NC(C)O.CNC(O)C(CCCCN)NC(C)O;CNC(O)C(CC(N)O)NC(C)O;2;1;3
data0009;16955;CNC(O)C(CC(O)O)NC(O)C(CC(O)O)NC(C)O.CNC(O)C(CCCNC(N)N)NC(C)O;CNC(O)C(CCCNC(N)N)NC(C)O;2;1;3
data0009;27633;CNC(O)C(CC(N)O)NC(C)O.CNC(O)C(CO)NC(O)C(CCSC)NC(C)O;CNC(O)C(CCC(O)O)NC(C)O;2;1;3
data0009;34682;CNC(O)C1CCCN1C(C)O;CNC(O)C(CCCCN)NC(O)C(CC(C)C)NC(C)O.CNC(O)C(NC(C)O)C(C)C;1;2;3
data0009;46810;CNC(O)C(CCC(N)O)NC(C)O.NC1NC(O)C2NCN(C3OC(COP(O)O)C(O)C3O)C2N1;CNC(O)C(CC1CCC(O)CC1)NC(C)O;2;1;3
data0010;8179;CNC(O)C(CCCCN)NC(C)O.CNC(O)C(NC(C)O)C(C)O;CNC(O)C(CC(O)O)NC(C)O;2;1;3
data0010;19560;CNC(O)C(CC(O)O)NC(C)O.CNC(O)C1CCCN1C(C)O;CNC(O)C(CCCCN)NC(O)C(CC1CNCN1)NC(C)O;2;1;3
data0010;46484;CNC(O)CNC(C)O;CNC(O)C(CO)NC(C)O.CNC(O)C(CO)NC(O)C(CC1CCC(O)CC1)NC(C)O;1;2;3
data0011;3105;CNC(O)C(CCC(N)O)NC(C)O;CCC(C)C(NC(C)O)C(O)NC.CNC(O)C(CCC(O)O)NC(O)C(CCCCN)NC(C)O;1;2;3
data0011;13870;CNC(O)C(CCC(O)O)NC(C)OOC(NC)C(CC(O)O)NC(C)O.CNC(O)C(CCCCN)NC(O)C(CCC(O)O)NC(O)C(CS)NC(C)O;CNC(O)C(CCC(N)O)NC(O)C(CC(N)O)NC(C)O;2;1;3
data0011;24954;CC1CN(C2CC(O)C(CO[PH](O)(O)O)O2)C(O)NC1O.CNC(O)C(NC(C)O)C(C)C;CNC(O)C(CCCCN)NC(C)O;2;1;3
data0011;33095;CNC(O)C(CCCCN)NC(C)O;CNC(O)C(CC(N)O)NC(O)CNC(O)C(CCC(O)O)NC(O)C(CC1CNCN1)NC(O)C(CC(O)O)NC(C)O.O;1;2;3
data0011;39740;CC1NC(O)NC(C2CCCCC2OCC2CCCCC2)C1C(O)OCC1CCC2OCOC2C1.CNC(O)C(CC1CCC(O)CC1)NC(O)C(CCCCN)NC(C)O;CNC(O)C(CC1CNCN1)NC(O)C(CC1CCC(O)CC1)NC(C)O;2;1;3
data0011;41775;CC1NNSC1CNCC(C)N(C)C(O)C(C)N1CNCN1.CNC(O)C(NC(O)C(NC(O)C(CC(C)C)NC(C)O)C(C)O)C(C)O;CNC(O)C(CC1CNCN1)NC(C)O;2;1;3
data0011;44719;NC1CCN(C2OC(CO[PH](O)(O)OC3C(CO[PH](O)(O)OC4C(CO[PH](O)(O)O)OC(N5CNC6C(N)NCNC65)C4O)OC(N4CNC5C(O)NC(N)NC54)C3O)C(O)C2O)C(O)N1;NC1CCN(C2OC(CO[PH](O)(O)O)C(O)C2O)C(O)N1.NC1CCN(C2OC(CO[PH](O)(O)O)C(O)C2O)C(O)N1;1;2;3
data0012;15812;CNC(O)C(NC(C)O)C(C)C;CNC(O)C(C)NC(C)O.CNC(O)C(CC1CCC(O)CC1)NC(O)C(CS)NC(C)O;1;2;3
data0012;17427;CNC(O)C(CCCNC(N)N)NC(C)O;CNC(O)C(CC1CNCN1)NC(O)C(CCC(O)O)NC(O)C1CCCN1C(O)C(CC(N)O)NC(C)O.O;1;2;3
data0012;37034;CNC(O)C(CCCNC(N)N)NC(C)O;CNC(O)C(CC(O)O)NC(C)O.O;1;2;3
data0012;47797;CNC(O)C(CC1CCCCC1)NC(O)C(CCCCN)NC(C)O.CNC(O)C(CCC(O)O)NC(O)C1CCCN1C(O)C(CCC(N)O)NC(C)O;CNC(O)C(CO)NC(C)O;2;1;3
data0013;105;CNC(O)C(CC1CNCN1)NC(C)O;CNC(O)C(CC(O)O)NC(C)O.CNC(O)CNC(C)O.O;1;3;4
data0013;5414;CNC(O)C(CCCCN)NC(C)O.CNC(O)C1CCCN1C(C)O;CNC(O)C(CC1CCCCC1)NC(C)O;2;1;3
data0013;28009;CNC(O)C(CCC(O)O)NC(O)C(C)NC(C)O.CNC(O)C(CCCCN)NC(C)O;CNC(O)C(CC(N)O)NC(C)O;2;1;3
data0013;35221;CNC(O)C(CC1CCC(O)CC1)NC(C)O.CNC(O)C1CCCN1C(O)C(C)NC(C)O;CNC(O)C(NC(C)O)C(C)C;2;1;3
data0013;39646;CNC(O)C(CC(N)O)NC(C)O;CNC(O)C(NC(C)O)C(C)O.CNC(O)C1CCCN1C(C)O;1;2;3
data0013;40610;CNC(O)C(CC1CCC(O)CC1)NC(C)O;CNC(O)C(CO)NC(C)O.OS(O)(O)O;1;2;3
data0014;5596;CNC(O)C(CC(O)O)NC(C)O;CNC(O)C(CCC(O)O)NC(O)C(CCCCN)NC(C)O.O;1;2;3
data0014;8309;CNC(O)C(CO)NC(C)O.CNC(O)C(NC(C)O)C(C)O;CNC(O)C(CS)NC(C)O;2;1;3
data0014;16228;CNC(O)C(CCCCN)NC(C)O.CNC(O)C(NC(O)CNC(O)C(CCC(O)O)NC(C)O)C(C)C;CNC(O)C(CC(C)C)NC(O)C(CCCNC(N)N)NC(O)C1CCCN1C(O)C(CC(C)C)NC(C)O;2;1;3
data0014;21443;CNC(O)C(CCC(O)O)NC(O)CNC(O)C(CO)NC(C)O.CNC(O)C(CCCNC(N)N)NC(C)O;CCC(C)C(NC(O)C(CCCCN)NC(C)O)C(O)NC;2;1;3
data0014;31573;CNC(O)C(NC(O)C(CCCCN)NC(O)C(CO)NC(C)O)C(C)C.CNC(O)C1CCCN1C(O)C(CC(O)O)NC(C)O;OCC(O)CO;2;1;3
data0014;34345;CNC(O)C(CC(C)C)NC(C)O.CNC(O)C(NC(O)C(CCCNC(N)N)NC(C)O)C(C)O;CNC(O)C(CC(O)O)NC(C)O;2;1;3
data0014;36570;CCCC1C(C)NC2NC3CCCCC3N2C1O.CNC(O)C(CC1CCC(O)CC1)NC(C)O;CNC(O)C(CC1CNC2CCCCC12)NC(C)O;2;1;3
data0015;6005;CNC(O)C(CC(O)O)NC(C)O.CNC(O)C(CO)NC(O)C(CCSC)NC(C)O;CNC(O)C(CC1CCC(O)CC1)NC(O)C(CCCCN)NC(C)O;2;1;3
data0015;46993;CNC(O)C(CC1CCC(O)CC1)NC(C)O.CNC(O)C(CCC(O)O)NC(C)O;CNC(O)C(NC(C)O)C(C)C;2;1;3
data0016;1782;CNC(O)C(C)NC(C)O;CNC(O)C(CC1CCC(O)CC1)NC(C)O.CNC(O)C(CCC(O)O)NC(C)O;1;2;3
data0016;18792;CNC(O)C(CC1CNC2CCCCC12)NC(C)O;CNC(O)C(CCC(O)O)NC(C)O.CNC(O)C(CO)NC(O)C(CO)NC(C)O;1;2;3
data0016;27615;CNC(O)C(CC1CCC(O)CC1)NC(O)C(CC1CCC(O)CC1)NC(C)O;CNC(O)C(CC(O)O)NC(C)O.CNC(O)C(CCCNC(N)N)NC(C)O;1;2;3
data0016;28058;CNC(O)C(CC1CNCN1)NC(C)O.CNC(O)C(CO)NC(C)O;CNC(O)C(CC(C)C)NC(C)O;2;1;3
data0016;34789;CNC(O)C(CC1CCCCC1)NC(O)C(C)NC(C)O;CNC(O)C(CC1CCC(O)CC1)NC(O)C(CC1CCCCC1)NC(C)O.CNC(O)C(CCCNC(N)N)NC(C)O;1;2;3
data0016;39927;CNC(O)C(CO)NC(C)O.O;CNC(O)C(CO)NC(C)O;2;1;3
data0017;11692;CNC(O)C(CCCCN)NC(C)O.CNC(O)C(NC(C)O)C(C)C;CNC(O)C(CCC(N)O)NC(C)O;2;1;3
data0017;25224;CNC(O)C(CC(C)C)NC(O)C(CO)NC(O)C(CCCNC(N)N)NC(O)C(CO)NC(C)O.CNC(O)C(CC(O)O)NC(C)O;CNC(O)C(CC1CCC(O)CC1)NC(C)O;2;1;3
data0017;25745;CNC(O)C(CC(O)O)NC(C)O.CNC(O)C(CCC(N)O)NC(C)O;CNC(O)C(CCCCN)NC(C)O;2;1;3
data0017;43013;CNC(O)C(CCC(O)O)NC(C)O.CNC(O)C(CCCNC(N)N)NC(C)O;CNC(O)C(CCC(N)O)NC(C)O;2;1;3
data0018;3011;CCC(C)C(NC(O)C(CCCNC(N)N)NC(C)O)C(O)NC.CNC(O)C(CC(O)O)NC(C)O;CNC(O)C(CCCNC(N)N)NC(C)O;2;1;3
data0018;15398;CNC(O)C(CCC(O)O)NC(C)O.O;CNC(O)C(CC(O)O)NC(C)O;2;1;3
data0018;27230;NC1CCN(C2OC(COP(O)O)C(O)C2O)C(O)N1.NC1CCN(C2OC(CO[PH](O)(O)O)C(O)C2O)C(O)N1;NC1NC(O)C2NCN(C3OC(CO[PH](O)(O)O)C(O)C3O)C2N1;2;1;3
data0018;27807;CNC(O)C(CC1CCCCC1)NC(C)O.CNC(O)CNC(C)O;CNC(O)C(CC1CCC(O)CC1)NC(C)O;2;1;3
data0018;35898;CNC(O)C1CCCN1C(O)C1CCCN1C(O)C(CCC(N)O)NC(C)O;CNC(O)C(CC(O)O)NC(C)O.CNC(O)C(CCCNC(N)N)NC(C)O;1;2;3
data0018;45232;NC1CCN(C2OC(CO[PH](O)(O)O)C(O)C2O)C(O)N1.OC1CCN(C2OC(CO[PH](O)(O)O)C(O)C2O)C(O)N1;NC1NC(O)C2NCN(C3OC(CO[PH](O)(O)O)C(O)C3O)C2N1;2;1;3
data0018;48476;CNC(O)C(CCSC)NC(O)C(CCCNC(N)N)NC(C)O.O;CNC(O)C(CC1CCC(O)CC1)NC(O)CNC(O)C1CCCN1C(O)C(NC(C)O)C(C)C.O;2;2;4
data0019;2804;CNC(O)C(CCC(O)O)NC(O)C(CCC(O)O)NC(C)O.O;CNC(O)C(C)NC(C)O;2;1;3
data0019;6361;CNC(O)C1CCCN1C(O)C(CC(O)O)NC(C)O.O;CNC(O)C(CC1CCC(O)CC1)NC(O)C(CC(C)C)NC(C)O;2;1;3
data0019;9471;CNC(O)CNC(C)O.CNC(O)CNC(C)O;CNC(O)C(CC1CCC(O)CC1)NC(C)O;2;1;3
data0019;10035;CNC(O)C(CCCNC(N)N)NC(C)O.CNC(O)C(NC(O)C(CCC(O)O)NC(C)O)C(C)C;CNC(O)C(CC(C)C)NC(C)O;2;1;3
data0019;11973;CNC(O)C(CC(O)O)NC(C)O.CNC(O)C(CCCNC(N)N)NC(C)O;CNC(O)C(CCCNC(N)N)NC(C)O;2;1;3
data0019;39318;CNC(O)C(CC(C)C)NC(C)O;CNC(O)C(CCCNC(N)N)NC(C)O.CNC(O)C(NC(C)O)C(C)O;1;2;3
data0019;39549;CNC(O)C(CC(O)O)NC(C)O.CNC(O)C(CC1CCC(O)CC1)NC(O)C(CCC(O)O)NC(C)O;CNC(O)C(CO)NC(O)C(CC1CCC(O)CC1)NC(C)O;2;1;3
data0019;49040;CNC(O)C(CC1CNCN1)NC(C)O;CNC(O)C(CC(O)O)NC(C)O.CNC(O)C(CCCCN)NC(C)O;1;2;3
data0020;20564;CNC(O)C(CC(O)O)NC(C)O.CNC(O)C(CC1CCC(O)CC1)NC(C)O;CNC(O)C(CC(C)C)NC(C)O;2;1;3
data0020;27972;CNC(O)C(CC(O)O)NC(C)O.CNC(O)CNC(O)C(CC(O)O)NC(C)O;CNC(O)C(CO)NC(C)O;2;1;3
data0020;40854;CNC(O)C(CCCNC(N)N)NC(C)O;CNC(O)C(NC(O)C(CO)NC(O)CNC(O)C(CC1CCCCC1)NC(O)CNC(C)O)C(C)O.OC1CCN(C2CC(O)C(CO[PH](O)(O)N[PH](O)(O)O[PH](O)(O)O)O2)C(O)N1;1;2;3
data0020;44675;CNC(O)C(CO)NC(C)O.CNC(O)C(NC(C)O)C(C)O;CNC(O)C(CC(N)O)NC(C)O;2;1;3
data0020;45595;CNC(O)C(CC1CNC2CCCCC12)NC(C)O.CNC(O)C(CC1CNCN1)NC(C)O.CNC(O)C(CO)NC(C)O;CNC(O)C(CC1CCC(O)CC1)NC(C)O;3;1;4
data0021;1251;CNC(O)C(CCC(O)O)NC(O)C(C)NC(C)O.CNC(O)C(CO)NC(O)C(CCCCN)NC(C)O;CNC(O)C(CC(C)C)NC(C)O;2;1;3
data0021;7283;CNC(O)C(CC(N)O)NC(C)O;CNC(O)C(C)NC(C)O.CNC(O)C(CCCCN)NC(C)O;1;2;3
data0021;7494;CNC(O)C(CCC(O)O)NC(C)O.CNC(O)C(CCCNC(N)N)NC(C)O;CNC(O)C(CO)NC(C)O;2;1;3
data0021;18568;CNC(O)C(CC(C)C)NC(O)CNC(O)C(CC1CCC(O)CC1)NC(C)O.ON(O)C1CCCC(C(NCC2CCCCC2)[PH](O)(O)O)C1;CNC(O)C(CC1CNC2CCCCC12)NC(C)O;2;1;3
data0021;18676;CNC(O)C(NC(C)O)C(C)C;CNC(O)C1CCCN1C(O)CNC(C)O.O;1;2;3
data0021;24836;CNC(O)C(CC(C)C)NC(O)C(CCCNC(N)N)NC(C)O.CNC(O)C(CC(O)O)NC(C)O;CNC(O)C(CCC(N)O)NC(C)O;2;1;3
data0021;29259;CCC(C)C(NC(O)CNC(O)C(CC1CCCCC1)NC(C)O)C(O)NC;CNC(O)C(CCCNC(N)N)NC(C)O.OS(O)(O)O;1;2;3
data0021;30964;CNC(O)C(CC1CCC(O)CC1)NC(C)O;CCC(C)C(NC(C)O)C(O)NC.CNC(O)C(NC(C)O)C(C)C;1;2;3
data0021;47389;CNC(O)C1CCCN1C(C)O;CNC(O)C(CCC(O)O)NC(C)O.CNC(O)C(CCCNC(N)N)NC(C)O;1;2;3
data0022;3603;CNC(O)C(CCCCN)NC(O)C(CC(C)C)NC(C)O.CNC(O)C1CCCN1C(O)C1CCCN1C(O)C(CCSC)NC(C)O;CNC(O)CNC(O)C(CC(O)O)NC(C)O;2;1;3
data0022;4931;CNC(O)C(CC(C)C)NC(C)O;CCC(C)C(NC(C)O)C(O)NC.CNC(O)C(CC1CCC(O)CC1)NC(C)O;1;2;3
data0022;5068;CCC(C)C(NC(C)O)C(O)NC;CNC(O)C(CCCNC(N)N)NC(C)O.O;1;2;3
data0022;5264;CNC(O)C(CC1CCC(O)CC1)NC(C)O;CNC(O)C(NC(C)O)C(C)O.CNC(O)CNC(C)O;1;2;3
data0023;2505;CNC(O)CNC(C)O;CNC(O)C(CC1CNCN1)NC(C)O.CNC(O)C(CCCCN)NC(C)O;1;2;3
data0023;16728;CNC(O)C(C)NC(C)O;CCOCCO.CNC(O)C(CCCNC(N)N)NC(O)C(C)NC(C)O;1;2;3
data0023;29180;CNC(O)C(CC(N)O)NC(O)C(NC(C)O)C(C)O;CNC(O)C(CC1CNCN1)NC(C)O.CNC(O)C1CCCN1C(C)O.O;1;3;4
data0023;36294;CNC(O)C(CCC(O)O)NC(C)O.CNC(O)C(CCCCN)NC(C)O;CNC(O)C(CO)NC(C)O;2;1;3
data0023;44518;CNC(O)C(CC(O)O)NC(C)O.CNC(O)C(CO)NC(C)O;CNC(O)C(CC(N)O)NC(C)O;2;1;3
data0024;7143;CNC(O)C(NC(C)O)C(C)O;CNC(O)C(CCCNC(N)N)NC(C)O.CNC(O)CNC(C)O;1;2;3
data0024;7526;CNC(O)C(CC1CNCN1)NC(C)O.CNC(O)C(CCC(O)O)NC(C)O;CNC(O)C(NC(C)O)C(C)C;2;1;3
data0024;14500;CNC(O)C(CS)NC(C)O.NC(CO[PH](O)(O)O)C(O)O;CNC(O)C(CC1CNCN1)NC(C)O;2;1;3
data0024;15097;CNC(O)C(CC(N)O)NC(O)C(CC(C)C)NC(C)O.CNC(O)C(CCC(N)O)NC(C)O;CNC(O)C(C)NC(C)O;2;1;3
data0024;24065;CNC(O)C(CCC(N)O)NC(O)CNC(O)C(CCC(O)O)NC(C)O.NC1NC(O)C2NCN(C3CC(O)C(CO[PH](O)(O)O)O3)C2N1;CCC(C)C(NC(C)O)C(O)NC;2;1;3
data0024;24277;CNC(O)C(CC(C)C)NC(C)O.CNC(O)C(CC1CCC(O)CC1)NC(O)C(CCC(N)O)NC(C)O;CNC(O)CNC(O)C(CCSC)NC(C)O;2;1;3
data0024;24727;CNC(O)C(CC1CCC(O)CC1)NC(C)O.CNC(O)CNC(O)C(CC(O)O)NC(C)O;CNC(O)C(CCC(O)O)NC(C)O;2;1;3
data0024;35553;CNC(O)C(CCC(N)O)NC(C)O.CNC(O)C(NC(O)CNC(O)C(CCC(N)O)NC(O)CNC(C)O)C(C)O;CNC(O)C(CSSCC(NC(C)O)C(O)NC)NC(C)O;2;1;3
data0024;42417;CNC(O)C(CCC(O)O)NC(C)O.CNC(O)C(CCCNC(N)N)NC(C)O;CNC(O)C(CCCNC(N)N)NC(C)O;2;1;3
data0024;42801;CCCCC(SC1NC(O)CC(C2CCCCC2)N1)C(O)O.CNC(O)C(CO)NC(C)O;CNC(O)C(CCCNC(N)N)NC(C)O;2;1;3
data0024;44285;CNC(O)C(CCC(N)O)NC(C)O;CNC(O)C(CC1CCCCC1)NC(O)C(CCC(O)O)NC(O)C(CC(O)O)NC(C)O.O;1;2;3
data0025;16405;CNC(O)C(CCC(N)O)NC(C)O.NCC1(C2CCC3C(N)NCNN32)OC(CO[PH](O)(O)O[PH](O)(O)O[PH](O)(O)O)C(O)C1O;CNC(O)C(CCCNC(N)N)NC(C)O;2;1;3
data0025;22804;CNC(O)C(CC(O)O)NC(C)O.O;CCC(C)C(NC(O)C(CO)NC(C)O)C(O)NC(CC1CCCCC1)C(O)NC;2;1;3
data0025;25282;CNC(O)C(CCCNC(N)N)NC(O)C(CCCCN)NC(C)O;CNC(O)C(CC(O)O)NC(C)O.CNC(O)C(CO)NC(O)C1CCCN1C(C)O;1;2;3
data0026;358;CNC(O)C(CC(O)O)NC(C)O.CNC(O)C(CC1CNCN1)NC(C)O;CNC(O)C(CCCNC(N)N)NC(C)O;2;1;3
data0026;1162;NC1NC(O)C2NCN(C3OC(CO[PH](O)(O)O)C(O)C3O)C2N1.OC1CCN(C2OC(COP(O)O)C(O)C2O)C(O)N1;NC1NC(O)C2NCN(C3OC(CO[PH](O)(O)OC4C(CO[PH](O)(O)O)OC(N5CNC6C(N)NCNC65)C4O)C(O)C3O)C2N1;2;1;3
data0026;3455;CNC(O)C(CC(O)O)NC(C)O.CNC(O)C(CCCNC(N)N)NC(C)O;CNC(O)C(CO)NC(C)O;2;1;3
data0026;5215;CNC(O)C(CC(O)O)NC(C)O;CNC(O)C(CCC(O)O)NC(C)O.CNC(O)C(CO)NC(C)O;1;2;3
data0026;8561;CNC(O)C(CC1CNCN1)NC(C)O;CNC(O)C(CCCNC(N)N)NC(O)C(NC(O)CNC(C)O)C(C)O.CNC(O)C(NC(O)C(CC(O)O)NC(C)O)C(C)C;1;2;3
data0026;11031;CNC(O)C(CC(C)C)NC(C)O.CNC(O)C(CCCNC(N)N)NC(C)O;CNC(O)C(CCCCN)NC(C)O;2;1;3
data0026;26972;CNC(O)C(CCCNC(N)N)NC(C)O.CNC(O)C(NC(C)O)C(C)O;CNC(O)C(CCSC)NC(C)O;2;1;3
data0026;39396;CCC(O)N1CCC(C2CCC(C3NC(NC4CC(C)NN4)CC(N4CCN(C)CC4)N3)CC2)CC1.CNC(O)C(C)NC(C)O;CNC(O)C(CC(C)C)NC(C)O;2;1;3
data0026;49508;CNC(O)C(CCCCN)NC(C)O.CNC(O)C1CCCN1C(C)O;CNC(O)C(CO)NC(C)O;2;1;3
data0027;5012;OC1CCN(C2OC(COP(O)O)C(O)C2O)C(O)N1.OC1CCN(C2OC(CO[PH](O)(O)O)C(O)C2O)C(O)N1;NC1NCNC2C1NCN2C1OC(CO[PH](O)(O)O)C(O)C1O;2;1;3
data0027;14725;CNC(O)C(CC(O)O)NC(C)O.CNC(O)C(CCCCN)NC(C)O;CNC(O)C(CCC(O)O)NC(C)O;2;1;3
data0027;21976;CNC(O)C(CC1CCCCC1)NC(C)O;CNC(O)C(CC(N)O)NC(C)O.CNC(O)C(CC(N)O)NC(O)C(CCC(O)O)NC(C)O;1;2;3
data0027;30331;CC1CN(C2CC(O)C(CO[PH](O)(O)O)O2)C(O)NC1O.CNC(O)C(CCCCN)NC(O)C(CO)NC(C)O;CNC(O)C(CC1CCC(O)CC1)NC(C)O;2;1;3
data0027;33131;CNC(O)C(CCC(N)O)NC(C)O.CNC(O)C(CO)NC(C)O;CNC(O)C(CC(C)C)NC(C)O;2;1;3
data0027;39685;CNC(O)C(CC1CCCCC1)NC(O)C(CC(O)O)NC(C)O.NCC1CCC(C(O)N2CCCC(C3NNC(C4CC4)N3)C2)CC1;CNC(O)C(CCCCN)NC(C)O;2;1;3
data0027;39728;CNC(O)CNC(C)O;CNC(O)C(CC(O)O)NC(O)C(CCC(O)O)NC(O)C(CC(O)O)NC(C)O.CNC(O)C(CC1CCC(O)CC1)NC(C)O;1;2;3
data0027;43164;CNC(O)C(CCC(O)O)NC(C)O.CNC(O)C(CCCCN)NC(C)O;CNC(O)C(CO)NC(O)C(CC(C)C)NC(C)O;2;1;3
data0027;45216;CNC(O)C(NC(O)C(CCC(O)O)NC(C)O)C(C)O.NC1NC(O)C2NCN(C3OC(CO[PH](O)(O)O)C(O)C3O)C2N1;CNC(O)C1CCCN1C(C)O;2;1;3
data0028;17723;CNC(O)C(CC(C)C)NC(C)O.NC1NC(O)C2NCN(C3CC(O)C(CO[PH](O)(O)O[PH](O)(O)O)O3)C2N1;CNC(O)C1CCCN1C(O)C(C)NC(C)O;2;1;3
data0028;20962;CNC(O)C(NC(O)C(NC(O)C(CCCCN)NC(O)CNC(O)C(NC(O)CNC(O)C(C)NC(C)O)C(C)C)C(C)O)C(C)C.NC1NCNC2C1NCN2C1OC(CO[PH](O)(O)O[PH](O)(O)O[PH](O)(O)O)C(O)C1O;CNC(O)C(CC1CCC(O)CC1)NC(C)O;2;1;3
data0028;21883;CNC(O)C(CC1CNCN1)NC(C)O;CNC(O)C(CCCCN)NC(C)O.CNC(O)CNC(O)CNC(C)O;1;2;3
data0028;24676;CNC(O)C(CC(C)C)NC(C)O;CNC(O)C(CC(O)O)NC(C)O.CNC(O)C(CCCNC(N)N)NC(C)O;1;2;3
data0028;46591;CNC(O)CNC(O)CNC(C)O;CC1NCC(CO[PH](O)(O)O)C(C)C1O.CNC(O)C(CCCNC(N)N)NC(C)O;1;2;3
data0029;26511;CNC(O)C(NC(C)O)C(C)O;CNC(O)CNC(O)C(CO)NC(C)O.CNC(O)CNC(O)CNC(C)O;1;2;3
data0029;30464;CNC(O)C(CS)NC(O)C(NC(O)C(CCCCN)NC(O)CNC(O)CNC(O)C(C)NC(C)O)C(C)O.NC1NC(O)C2NCN(C3OC(CO[PH](O)(O)O[PH](O)(O)O)C(O)C3O)C2N1;CNC(O)C(CCCCN)NC(O)C(C)NC(C)O;2;1;3
data0029;31063;CNC(O)C1CCCN1C(C)O.CNC(O)CNC(C)O;CNC(O)C(CC1CCC(O)CC1)NC(C)O;2;1;3
data0029;37209;CNC(O)C(C)NC(C)O;CNC(O)C(CC1CCC(O)CC1)NC(C)O.O;1;2;3
data0030;19681;CCC(C)C(NC(C)O)C(O)NC;CNC(O)C(CC(O)O)NC(C)O.CNC(O)C(NC(C)O)C(C)C;1;2;3
data0030;22790;CNC(O)C(CC1CCC(O)CC1)NC(O)C(CCSC)NC(C)O.CNC(O)C(CS)NC(C)O;CC1CCCC(C)C1N1C(C)CC(CNNC(O)C2CCNCC2)C1C;2;1;3
data0030;30463;CNC(O)C(CCCCN)NC(C)O.CNC(O)C(NC(C)O)C(C)O;CNC(O)C(CC(C)C)NC(C)O;2;1;3
data0030;32750;CNC(O)C(CC1CCC(O)CC1)NC(C)O;CNC(O)C(CO)NC(C)O.CNC(O)CNC(C)O;1;2;3
data0031;7865;CCC(NC(O)C(CCC(O)O)NC(C)O)C(O)NC;CNC(O)C(CC1CNCN1)NC(C)O.CNC(O)C(CCC(O)O)NC(C)O;1;2;3
data0031;13600;CNC(O)C(CC(N)O)NC(O)C(CC(N)O)NC(C)O.CNC(O)C(NC(C)O)C(C)O;CNC(O)C(CC(C)C)NC(O)C(CC(C)C)NC(C)O;2;1;3
data0031;33601;CNC(O)C(CC(O)O)NC(O)CNC(O)C(CCC(O)O)NC(C)O.CNC(O)C(CCCNC(N)N)NC(C)O;CNC(O)C(CCCNC(N)N)NC(C)O;2;1;3
data0031;37728;CNC(O)C(CC1CNCN1)NC(C)O;CC1CC2NC3C(O)NC(O)NC3N(CC(O)C(O)C(O)CO[PH](O)(O)O[PH](O)(O)OCC3OC(N4CNC5C(N)NCNC54)C(O)C3O)C2CC1C.CNC(O)C(CC1CCC(O)CC1)NC(O)C(CCCNC(N)N)NC(O)CNC(O)C(CO)NC(C)O;1;2;3
data0032;4255;CNC(O)C(CCSC)NC(O)C(CCC(O)O)NC(O)CNC(C)O.NC1NCNC2C1NCN2C1OC2CO[PH](O)(O)OC2C1O;CNC(O)C(CCCNC(N)N)NC(C)O;2;1;3
data0032;6796;CNC(O)C(CC(O)O)NC(C)O.CNC(O)C(CC1CCC(O)CC1)NC(O)C1CCCN1C(O)C(CO)NC(C)O;CNC(O)C(CC(O)O)NC(C)O;2;1;3
data0032;30092;CNC(O)C(CC1CNCN1)NC(C)O.CNC(O)C(CCC(O)O)NC(C)O;CNC(O)C(NC(C)O)C(C)O;2;1;3
data0032;37902;CNC(O)C(CC(O)O)NC(C)O.CNC(O)C(CCCCN)NC(C)O;CNC(O)C(CC1CCC(O)CC1)NC(C)O;2;1;3
data0032;47213;CNC(O)C(CCC(O)O)NC(C)O;CNC(O)C(CCC(O)O)NC(C)O.CNC(O)C(CCCCN)NC(C)O;1;2;3
data0033;18212;CNC(O)C(CCCNC(N)N)NC(C)O;CNC(O)C(CC1CNCN1)NC(O)C(CC1CNC2CCCCC12)NC(C)O.NO;1;2;3
data0033;35064;CNC(O)C(NC(C)O)C(C)C;CNC(O)C(CCCCN)NC(C)O.CNC(O)C(CCCCN)NC(C)O;1;2;3
data0033;44106;CNC(O)C(CCC(N)O)NC(C)O;CNC(O)C(CC1CNCN1)NC(O)C(CCCNC(N)N)NC(C)O.CNC(O)C(CCCNC(N)N)NC(O)C(CCC(O)O)NC(C)O;1;2;3
data0034;1455;CNC(O)C(CCCCN)NC(C)O.CNC(O)C(CCSC)NC(O)C(CC(O)O)NC(C)O;CNC(O)C(CC(O)O)NC(O)CNC(O)C(C)NC(C)O;2;1;3
data0034;1597;CNC(O)C(CC1CCC(O)CC1)NC(O)C(NC(C)O)C(C)O;CNC(O)C(CC(O)O)NC(C)O.CNC(O)C(CO)NC(C)O;1;2;3
data0034;24837;CN(CC1NNC2CCCN21)C(O)CCC1CCC2OCCOC2C1.CNC(O)C(CC1CCC(O)CC1)NC(C)O;CNC(O)C(CCC(O)O)NC(O)C(CC(N)O)NC(O)C(CC(C)C)NC(O)C(CC1CCCCC1)NC(O)C(CC(C)C)NC(C)O;2;1;3
data0034;31617;CNC(O)C(CC1CCC(O)CC1)NC(C)O.COC1CCC(S(O)(O)NC2CCCCC2C(O)N2CCOCC2)CC1C;CNC(O)C(CCCCN)NC(O)C(CCC(N)O)NC(C)O;2;1;3
data0034;31790;CNC(O)C(CCC(O)O)NC(O)C(NC(C)O)C(C)C.CNC(O)C(CO)NC(C)O;CNC(O)C(CCCCN)NC(C)O;2;1;3
data0034;34357;CNC(O)C(CC(N)O)NC(O)C(CC(C)C)NC(O)C(NC(O)CNC(O)CNC(O)C(CC1CCC(O)CC1)NC(C)O)C(C)O.CNC(O)C(CCCNC(N)N)NC(O)CNC(O)C(CCC(O)O)NC(O)CNC(O)C(CCSC)NC(O)CNC(C)O.NC1CCN(C2OC(CO[PH](O)(O)O[PH](O)(O)O[PH](O)(O)O)C(O)C2O)C(O)N1;CNC(O)C(CCCNC(N)N)NC(O)C(CC(C)C)NC(O)C(CC1CCC(O)CC1)NC(C)O;3;1;4
data0034;35584;CNC(O)C(CCC(O)O)NC(C)O.CNC(O)C(CCCCN)NC(C)O;CNC(O)C(CC(O)O)NC(C)O;2;1;3
data0034;39546;CNC(O)C(CC1CCCCC1)NC(C)O;CNC(O)C(CC(C)C)NC(O)C(CCC(N)O)NC(C)O.OS(O)(O)O;1;2;3
data0035;5907;CNC(O)C(CCC(O)O)NC(C)O.CNC(O)C(CCCCN)NC(O)C(CCC(N)O)NC(C)O;CNC(O)C(CC(O)O)NC(O)C(CCCCN)NC(C)O;2;1;3
data0036;10650;CNC(O)C(CC(C)C)NC(O)CNC(C)O.NC1NC(O)C2NCN(C3OC(CO[PH](O)(O)O)C(O)C3O)C2N1;CNC(O)CNC(O)C(CO)NC(O)CNC(O)C(CCC(O)O)NC(C)O;2;1;3
data0036;10934;CNC(O)C(CCC(O)O)NC(C)O.O;CNC(O)C(CC(N)O)NC(C)O;2;1;3
data0036;13790;CNC(O)C(CC(O)O)NC(O)CNC(C)O.CNC(O)C(CCCCN)NC(C)O;CNC(O)C(CC1CCC(O)CC1)NC(C)O;2;1;3
data0036;15815;CNC(O)C(CCCCN)NC(C)O.CNC(O)CNC(C)O;CNC(O)C(CC1CCCCC1)NC(C)O;2;1;3
data0036;28556;CNC(O)C(CCCNC(N)N)NC(C)O.CNC(O)C(NC(C)O)C(C)C;CNC(O)C(CCC(O)O)NC(C)O;2;1;3
data0036;35641;NC1NC(O)C2NCN(C3OC(CO[PH](O)(O)O)C(O)C3O)C2N1.O;NC1CCN(C2OC(CO[PH](O)(O)O)C(O)C2O)C(O)N1;2;1;3
data0036;37207;CCC(C)C(NC(C)O)C(O)NCC(O)NC(CCC(O)O)C(O)NC.CNC(O)C(CCCNC(N)N)NC(O)C(C)NC(C)O;CNC(O)C(CC(C)C)NC(C)O;2;1;3
data0037;29867;CNC(O)C(CCCCN)NC(O)C1CCCN1C(O)CNC(C)O;CNC(O)C(CCC(O)O)NC(C)O.CNC(O)C(CCCCN)NC(C)O;1;2;3
data0038;689;CNC(O)C(CC1CCCCC1)NC(O)C(CCCCN)NC(C)O.O[SH](O)O;CNC(O)C(CC1CNC2CCCCC12)NC(O)C(CCCCN)NC(C)O;2;1;3
data0038;6013;CCC(C)C(NC(C)O)C(O)NC(CO)C(O)NC.CNC(O)C(CC(O)O)NC(O)C(CCC(O)O)NC(O)C(NC(C)O)C(C)C;CNC(O)C(C)NC(C)O;2;1;3
data0038;8283;CNC(O)C(CC(C)C)NC(O)C(CC1CCC(O)CC1)NC(C)O.CNC(O)C(CO)NC(C)O;CNC(O)C(CCC(N)O)NC(C)O;2;1;3
data0038;18792;CNC(O)C(CCC(O)O)NC(C)O.CNC(O)C(CO)NC(C)O;CNC(O)C1CCCN1C(C)O;2;1;3
data0038;26580;NC1NCNC2C1NCN2C1CC(O)C(CO[PH](O)(O)O)O1;CC1CN(C2CC(O)C(CO[PH](O)(O)O)O2)C(O)NC1O.O;1;2;3
data0038;34727;CNC(O)C(CCC(O)O)NC(C)O.CNC(O)C(CCCNC(N)N)NC(C)O;CNC(O)CNC(C)O;2;1;3
data0039;10260;CNC(O)C(CCC(O)O)NC(C)O.CNC(O)C(CCCCN)NC(C)O;CNC(O)C(CCC(O)O)NC(C)O;2;1;3
data0039;22085;CNC(O)C(CC1CCC(O)CC1)NC(O)CNC(C)O;CNC(O)C(CO)NC(C)O.OS(O)(O)C1CCCC2CCCC(NC3CCCCC3)C21;1;2;3
data0039;33810;CCCCCCCC(O)NC1CCC(C(O)NNCC2CCCC(N(O)O)C2)CC1.CNC(O)C(CC1CNCN1)NC(C)O;CNC(O)C(CO)NC(C)O;2;1;3
data0039;46459;CC(NC(O)C1CCOC1)C(O)NS(O)(O)C1CC2CCC1C2.CNC(O)C(CC1CNC2CCCCC12)NC(C)O;CNC(O)C(CC1CNCN1)NC(C)O;2;1;3
data0040;69;CNC(O)C(CC(O)O)NC(C)O.O;CNC(O)C(CCCNC(N)N)NC(C)O;2;1;3
data0040;39159;CNC(O)C(CO)NC(O)C(CCCCN)NC(C)O.NC1NCNC2C1NCN2C1CC(O)C(CO[PH](O)(O)O)O1;CC1CN(C2CC(O)C(CO[PH](O)(O)O)O2)C(O)NC1O;2;1;3
data0041;11895;CNC(O)C(CCC(N)O)NC(C)O.CNC(O)C(CCCCN)NC(C)O;CNC(O)C(CC(C)C)NC(C)O;2;1;3
data0041;19970;CNC(O)C(CC1CCCCC1)NC(C)O;CNC(O)C(CC1CCC(O)CC1)NC(C)O.CNC(O)C(NC(C)O)C(C)C;1;2;3
data0041;31754;CNC(O)C(CC1CNCN1)NC(O)C(CCC(O)O)NC(C)O.CNC(O)C(CO)NC(C)O;CNC(O)C(CC1CCC(O)CC1)NC(C)O;2;1;3
data0041;44075;CNC(O)C(CCC(O)O)NC(C)O.CNC(O)C(CCCNC(N)N)NC(C)O;CNC(O)C(CC1CNC2CCCCC12)NC(C)O;2;1;3
data0042;2546;CNC(O)C(C)NC(O)C(NC(O)C(CCCCN)NC(O)CNC(O)C(NC(O)C(CCC(N)O)NC(C)O)C(C)O)C(C)O.NC1NCNC2C1NCN2C1OC(CO[PH](O)(O)O[PH](O)(O)N[PH](O)(O)O)C(O)C1O;CNC(O)C(CCC(N)O)NC(C)O;2;1;3
data0042;4514;CNC(O)C(CCCCN)NC(O)CNC(C)O.CNC(O)C(NC(O)C(C)NC(C)O)C(C)O.NC1NC(O)C2NCN(C3OC(CO[PH](O)(O)O[PH](O)(O)O)C(O)C3O)C2N1;CNC(O)C(NC(C)O)C(C)O;3;1;4
data0042;24630;CNC(O)C(CC(C)C)NC(C)O;CNC(O)C(NC(C)O)C(C)O.CNC(O)C1CCCN1C(C)O;1;2;3
data0042;29946;CNC(O)C(CCCCN)NC(C)O;CNC(O)C(CC(N)O)NC(C)O.CNC(O)C(CCCCN)NC(C)O;1;2;3
data0042;37059;CNC(O)C(CO)NC(C)O.CNC(O)C(NC(C)O)C(C)O;CNC(O)C(CCC(N)O)NC(C)O;2;1;3
data0042;47965;CNC(O)CNC(C)O.O[SH](O)O;CNC(O)C(CC1CCC(O)CC1)NC(C)O;2;1;3
data0042;49211;CCC(C)C(NC(C)O)C(O)NC.CNC(O)C1CCCN1C(O)C(CCCCN)NC(C)O;CNC(O)C(CC1CCC(O)CC1)NC(C)O;2;1;3
data0043;9201;CNC(O)C(CCCCN)NC(C)O.CNC(O)C1CCCN1C(O)C(CC(N)O)NC(C)O;CNC(O)C(CO)NC(C)O;2;1;3
data0043;9788;CNC(O)C(CO)NC(C)O.CNC(O)C1CCCN1C(C)O;CNC(O)C(NC(C)O)C(C)C;2;1;3
data0043;11403;CC(C)CCCC(C)C1CCC2C3CCC4CC(O)CCC4(C)C3CCC12C.CNC(O)C(NC(C)O)C(C)C;CNC(O)C(CCC(N)O)NC(O)C(NC(O)C(NC(C)O)C(C)O)C(C)O;2;1;3
data0043;12766;CC(O)NC1NNC(S(N)(O)O)S1.CNC(O)C(CC(O)O)NC(O)C(CO)NC(C)O;CNC(O)C(NC(O)C(CCC(N)O)NC(O)C(CCC(O)O)NC(O)C(CCSC)NC(C)O)C(C)C;2;1;3
data0043;16935;CNC(O)CNC(C)O.O[PH](O)(O)O;CNC(O)C(C)NC(O)CNC(O)CNC(C)O;2;1;3
data0043;20008;NC1NC(O)C2NCN(C3OC(CO[PH](O)(O)O)C(O[PH](O)(O)OCC4OC(N5CNC6C(N)NCNC65)C(O)C4O)C3O)C2N1;NC1CCN(C2OC(CO[PH](O)(O)O)C(O)C2O)C(O)N1.NC1NC(O)C2NCN(C3OC(CO[PH](O)(O)OC4C(CO[PH](O)(O)O)OC(N5CCC(O)NC5O)C4O)C(O[PH](O)(O)OCC4OC(N5CNC6C(N)NCNC65)C(O)C4O)C3O)C2N1;1;2;3
data0043;23185;CNC(O)C(C)NC(C)O;CNC(O)C(CC(C)C)NC(C)O.CNC(O)C(CC(C)C)NC(C)O;1;2;3
data0043;29572;CNC(O)C(CCCCN)NC(C)O.CNC(O)C(CCCCN)NC(O)C(CCC(O)O)NC(C)O;CNC(O)C(CC(C)C)NC(C)O;2;1;3
data0043;33761;CNC(O)C(CCC(O)O)NC(C)O.CNC(O)C(CCCNC(N)N)NC(C)O;CCC(C)C(NC(C)O)C(O)NC;2;1;3
data0044;3574;CNC(O)C(CC1CNCN1)NC(C)O.CNC(O)C1CCCN1C(C)O.CNC(O)C1CCCN1C(O)C(CO)NC(O)C(CCC(N)O)NC(C)O;CNC(O)C(CC(O)O)NC(C)O;3;1;4
data0044;7058;CNC(O)C(CCCNC(N)N)NC(C)O.CNC(O)C1CCCN1C(C)O;CNC(O)C1CCCN1C(C)O;2;1;3
data0044;22299;CNC(O)C(CC1CNCN1)NC(C)O;CNC(O)C(CC1CCC(O)CC1)NC(C)O.CNC(O)C(CC1CCCCC1)NC(O)C1CCCN1C(O)C(CC(O)O)NC(C)O;1;2;3
data0044;23519;CNC(O)C(CCC(O)O)NC(C)O.CNC(O)C(CO)NC(C)O;CCC(C)C(NC(C)O)C(O)NC;2;1;3
data0044;36539;CNC(O)C(CC1CCCCC1)NC(C)O;OC1CCN(C2OC(COP(O)O)C(O)C2O)C(O)N1.OC1CCN(C2OC(CO[PH](O)(O)O)C(O)C2O)C(O)N1;1;2;3
data0044;41978;CNC(O)C(NC(C)O)C(C)O.CNC(O)C(NC(C)O)C(C)O;CNC(O)C(C)NC(C)O;2;1;3
data0045;2451;CCC(C)C(NC(O)C(CCC(O)O)NC(C)O)C(O)NC(CCC(O)O)C(O)NC.CNC(O)C(CCCCN)NC(C)O;CNC(O)C(NC(C)O)C(C)C;2;1;3
data0045;17063;CNC(O)C(CC(O)O)NC(C)O.CNC(O)C(CCCCN)NC(C)O;CNC(O)CNC(C)O;2;1;3
data0045;18964;NC1NC(O)C2NCN(C3CC(O)C(CO[PH](O)(O)O)O3)C2N1.O;NC1CCN(C2CC(O)C(CO[PH](O)(O)O)O2)C(O)N1;2;1;3
data0045;40299;CCN1C(NS(O)(O)C2CCC(C)CC2)SC(CN(C)C)C1O.CNC(O)C(CC1CCC(O)CC1)NC(C)O;CNC(O)C(CCCNC(N)N)NC(O)C(NC(O)C(NC(O)C(CC1CCCCC1)NC(C)O)C(C)O)C(C)O;2;1;3
data0045;44495;CC1CC2NC3C(O)NC(O)NC3N(CC(O)C(O)C(O)CO[PH](O)(O)O[PH](O)(O)OCC3OC(N4CNC5C(N)NCNC54)C(O)C3O)C2CC1C.CNC(O)CNC(O)C(CO)NC(C)O;CNC(O)C1CCCN1C(C)O;2;1;3
data0046;5593;CNC(O)C(CC1CCC(O)CC1)NC(O)C(CCCCN)NC(C)O.COC1CCC(NC(C)O)CC1S(O)(O)NC(O)CCC1CC1;CNC(O)C(CCCNC(N)N)NC(O)CNC(O)C(CCCNC(N)N)NC(C)O;2;1;3
data0046;13667;CNC(O)C(CO)NC(C)O;CNC(O)C(CC1CCC(O)CC1)NC(C)O.CNC(O)C(CC[SH](C)CC1OC(N2CNC3C(N)NCNC32)C(O)C1O)NC(C)O;1;2;3
data0046;19731;CCCNC(O)CNC(C)O.CNC(O)C(CCC(N)O)NC(C)O;CNC(O)C(CC1CCC(O)CC1)NC(C)O;2;1;3
data0046;46118;CNC(O)C(NC(C)O)C(C)O.CNC(O)C(NC(O)C(CC1CCC(O)CC1)NC(C)O)C(C)O;CNC(O)C(CC(C)C)NC(C)O;2;1;3
data0047;9314;CNC(O)C(CC1CNC2CCCCC12)NC(C)O;CNC(O)C(CC(C)C)NC(C)O.CNC(O)C(NC(O)C(NC(C)O)C(C)O)C(C)C;1;2;3
data0047;25701;CNC(O)C(CO)NC(O)C(CCC(N)O)NC(C)O;CNC(O)C(NC(C)O)C(C)C.CNC(O)C(NC(C)O)C(C)C;1;2;3
data0048;5099;CNC(O)C(CCC(N)O)NC(O)C(CO)NC(C)O;CNC(O)C(CC(O)O)NC(C)O.CNC(O)C(CC1CNCN1)NC(C)O;1;2;3
data0048;31449;CNC(O)C(CC(C)C)NC(O)C(CC(C)C)NC(O)C(CC1CCCCC1)NC(O)C(CO)NC(C)O;CNC(O)C(CCC(O)O)NC(C)O.CNC(O)C(CCCCN)NC(O)C(CCSC)NC(C)O;1;2;3
data0048;31552;CNC(O)C(CCC(O)O)NC(O)C(CCC(O)O)NC(C)O.CNC(O)C(CCCNC(N)N)NC(C)O;CCC(C)C(NC(C)O)C(O)NC;2;1;3
data0048;40401;CNC(O)C(CC(O)O)NC(C)O.CNC(O)C(CCC(N)O)NC(O)C(CCCNC(N)N)NC(C)O;CNC(O)C(CCC(N)O)NC(C)O;2;1;3
data0049;4507;CNC(O)C(C)NC(C)O;CNC(O)C(CC1CCC(O)CC1)NC(C)O.CNC(O)C(CCSC)NC(O)C(NC(C)O)C(C)O;1;2;3
data0049;12410;CNC(O)C(CC(O)O)NC(C)O.CNC(O)C(CCCCN)NC(C)O;CNC(O)C(CCCCN)NC(C)O;2;1;3
data0049;20537;CNC(O)C(CC(C)C)NC(C)O.CNC(O)C(CCCCN)NC(O)C(NC(C)O)C(C)O;CNC(O)C1CCCN1C(C)O;2;1;3
data0049;32406;CNC(O)C(CO)NC(C)O;CNC(O)C(CC1CNCN1)NC(O)C(CCCCN)NC(C)O.CNC(O)C(NC(C)O)C(C)C;1;2;3
data0050;1619;NC1CCN(C2OC(CO[PH](O)(O)O)C(O)C2O)C(O)N1.NC1NCNC2C1NCN2C1OC(CO[PH](O)(O)O)C(O)C1O;NC1NC(O)C2NCN(C3OC(CO[PH](O)(O)O)C(O)C3O)C2N1;2;1;3
data0050;5787;CC1CN(C2CC(O)C(CO[PH](O)(O)O)O2)C(O)NC1O;NC1NCNC2C1NCN2C1CC(O)C(CO[PH](O)(O)OC2CC(N3CNC4C(N)NCNC43)OC2CO[PH](O)(O)O)O1.O;1;2;3
data0050;16001;CNC(O)C(CC(O)O)NC(C)O;CNC(O)C(CCCNC(N)N)NC(C)O.CNC(O)CNC(C)O;1;2;3
data0050;24361;CC1CN(C2CC(O)C(CO[PH](O)(O)O)O2)C(O)NC1O;NC1NCNC2C1NCN2C1CC(O)C(CO[PH](O)(O)O)O1.O;1;2;3
data0050;27706;CNC(O)C(CC(O)O)NC(C)O.CNC(O)C(CO)NC(C)O;CNC(O)C(CC(N)O)NC(C)O;2;1;3
data0050;35161;CNC(O)C(CC1CCCCC1)NC(C)O;CCC(C)C(NC(C)O)C(O)NC.CNC(O)C(NC(O)C(CO)NC(C)O)C(C)C;1;2;3
data0050;38541;CNC(O)C(CC(O)O)NC(C)O.CNC(O)C(CCCCN)NC(O)C(CCC(N)O)NC(C)O;CNC(O)C(CCCCN)NC(C)O;2;1;3
data0050;46059;CCC(C)CN1CCC(N(CC)C(O)CCC2CNCN2)C1.CNC(O)C(CC(O)O)NC(C)O;CNC(O)C(CCC(O)O)NC(O)C(CCC(O)O)NC(C)O;2;1;3
data0050;46566;CNC(O)C(CC(C)C)NC(C)O.CNC(O)C(CC1CCC(O)CC1)NC(C)O;CNC(O)C(NC(C)O)C(C)C;2;1;3
data0051;13374;CNC(O)C(CC1CCC(O)CC1)NC(O)C(CC(C)C)NC(C)O;CNC(O)C(CCC(O)O)NC(C)O.CNC(O)CNC(O)C(CCCCN)NC(C)O;1;2;3
data0051;13485;CNC(O)C(CC1CCC(O)CC1)NC(C)O.CNC(O)C(CCC(O)O)NC(C)O;CNC(O)C(CC1CCCCC1)NC(O)C(C)NC(C)O;2;1;3
data0051;14467;CC(N)C(O)NC(CCC(O)O)C(O)O.CNC(O)C(CCCCN)NC(O)C(CC(O)O)NC(C)O;CNC(O)C(CCC(O)O)NC(O)C(CCSC)NC(O)CNC(O)C(CC1CNCN1)NC(C)O;2;1;3
data0051;35428;CNC(O)C(CCC(O)O)NC(C)O.CNC(O)C(CCCCN)NC(C)O;CNC(O)C(CCCCN)NC(O)C(CC(C)C)NC(C)O;2;1;3
data0051;45582;CNC(O)C(CC(O)O)NC(C)O;CNC(O)C(CC1CCCCC1)NC(C)O.CNC(O)CNC(O)C(CC(O)O)NC(C)O;1;2;3
data0052;6660;CCC(C)C(NC(O)C(CCC(N)O)NC(C)O)C(O)NC(CC1CCCCC1)C(O)NC.CNC(O)C(CC1CCCCC1)NC(O)C(CC1CNCN1)NC(C)O;CNC(O)C(CC(C)C)NC(C)O;2;1;3
data0052;10378;CNC(O)C(CCCCN)NC(C)O;CCC(C)C(NC(O)CNC(O)C(CO)NC(O)CNC(O)C(CC1CNCN1)NC(C)O)C(O)NC(CC(C)C)C(O)NC.CCCCCCCC(O)OCC(CO[PH](O)(O)OC1C(O)C(O)C(O[PH](O)(O)O)C(O[PH](O)(O)O)C1O)OC(O)CCCCCCC;1;2;3
data0052;11325;CNC(O)C(C)NC(C)O.CNC(O)C(CC(N)O)NC(O)C(CCSC)NC(C)O;CNC(O)C(CC(N)O)NC(C)O;2;1;3
data0052;17088;CNC(O)C(NC(C)O)C(C)O.CNC(O)C(NC(O)C(CC(C)C)NC(O)C(CO)NC(C)O)C(C)O;CNC(O)C(CO)NC(C)O;2;1;3
data0052;23083;CNC(O)C(CO)NC(C)O.O;CNC(O)CNC(C)O;2;1;3
data0052;35832;CNC(O)C(CC(O)O)NC(C)O.CNC(O)C(CCC(O)O)NC(C)O;CNC(O)C(CCCNC(N)N)NC(C)O;2;1;3
data0053;11634;CC1CCC(S(O)(O)NC(O)NC(CO)C(O)O)CC1.CNC(O)C(CC(N)O)NC(O)CNC(O)C(CC1CNC2CCCCC12)NC(C)O;CNC(O)C(CC(O)O)NC(C)O;2;1;3
data0053;12667;CNC(O)C(CC(O)O)NC(C)O;CNC(O)C(CC(O)O)NC(C)O.CNC(O)C(CCCCN)NC(O)C(CCSC)NC(C)O;1;2;3
data0053;39493;CCN1NCCC1NS(O)(O)C1CC(C(O)O)CS1.CNC(O)C(CC1CCC(O)CC1)NC(C)O;CNC(O)C(CC1CCC(O)CC1)NC(C)O;2;1;3
data0054;6112;CNC(O)C(CCC(N)O)NC(C)O;CNC(O)C(CC(C)C)NC(O)C(CCC(O)O)NC(C)O.CNC(O)C(CCCCN)NC(O)C(C)NC(C)O;1;2;3
data0054;13717;CNC(O)C(CC(O)O)NC(C)O.CNC(O)C(CCCCN)NC(C)O;CNC(O)C(CCCCN)NC(C)O;2;1;3
data0054;18350;CNC(O)C(CC(O)O)NC(O)C(NC(C)O)C(C)C;CCC(C)C(NC(C)O)C(O)NC.CNC(O)CNC(C)O;1;2;3
data0054;33326;CCCCC(C(C)C)C(O)NC1CN(CCO)C1.CNC(O)C(CCC(O)O)NC(O)C(CC1CNCN1)NC(C)O;CCC(C)C(NC(O)CNC(C)O)C(O)NCC(O)NC;2;1;3
data0054;42191;CNC(O)C(CC1CNC2CCCCC12)NC(O)C(CCCCN)NC(C)O.CNC(O)C(CCSC)NC(C)O;CNC(O)C(NC(C)O)C(C)C;2;1;3
data0055;3021;CNC(O)C(CC(O)O)NC(C)O.CNC(O)C(CC(O)O)NC(O)C(CCSC)NC(O)C1CCCN1C(O)C(CC(N)O)NC(C)O;CNC(O)C(CCCNC(N)N)NC(O)CNC(O)C(CCCCN)NC(C)O;2;1;3
data0055;14971;CNC(O)C(NC(C)O)C(C)O.O;CNC(O)C(CO)NC(C)O;2;1;3
data0055;22835;CNC(O)C(CCC(O)O)NC(C)O.CNC(O)C(CCCCN)NC(C)O;CNC(O)C(CCC(O)O)NC(C)O;2;1;3
data0055;36083;CNC(O)C(CCCCN)NC(C)O;CNC(O)C(CC(O)O)NC(C)O.CNC(O)C(CC1CCC(O)CC1)NC(O)C(CCCCN)NC(C)O;1;2;3
data0056;20183;CNC(O)C(CCCCN)NC(C)O.CNC(O)C(CO)NC(C)O;CNC(O)C(CCSC)NC(C)O;2;1;3
data0056;20866;CNC(O)C(CC1CCCCC1)NC(C)O.CNC(O)CNC(C)O;CNC(O)C(NC(C)O)C(C)C;2;1;3
data0056;21496;CNC(O)C(CC(O)O)NC(O)C(CCC(O)O)NC(O)C1CCCN1C(O)C(CCC(O)O)NC(C)O.CNC(O)C(CCCNC(N)N)NC(C)O;CNC(O)C(CCCCN)NC(C)O;2;1;3
data0056;24036;CNC(O)C(CCC(O)O)NC(C)O.OS(O)(O)O;CNC(O)C(CCCCN)NC(C)O;2;1;3
data0056;25995;CNC(O)C(CC(O)O)NC(C)O.CNC(O)C(CCCNC(N)N)NC(C)O;CNC(O)C(CC(N)O)NC(O)C1CCCN1C(C)O;2;1;3
data0056;28547;CNC(O)C(CC(O)O)NC(O)CNC(O)C(CC1CNCN1)NC(C)O.O[PH](O)(O)N[PH](O)(O)O[PH](O)(O)O;CNC(O)C(CCCCN)NC(O)C(CCCNC(N)N)NC(C)O;2;1;3
data0056;42219;CNC(O)C(CC(N)O)NC(C)O.CNC(O)C(CC(O)O)NC(C)O;CNC(O)C(CCCCN)NC(C)O;2;1;3
data0056;45901;CNC(O)C(CC(C)C)NC(C)O.CNC(O)C(CO)NC(C)O;CNC(O)C(CCCNC(N)N)NC(C)O;2;1;3
data0057;10339;CNC(O)C(C)NC(C)O;CNC(O)C(CCC(N)O)NC(C)O.CNC(O)C(CCCNC(N)N)NC(C)O;1;2;3
data0057;11060;CNC(O)C(NC(C)O)C(C)C;CNC(O)C(CCCCN)NC(C)O.CNC(O)C(NC(C)O)C(C)C;1;2;3
data0057;17086;CNC(O)C(CCCNC(N)N)NC(O)C(CCCNC(N)N)NC(C)O.CNC(O)C(CO)NC(O)C(CC1CCC(O)CC1)NC(C)O;CNC(O)C(C)NC(C)O;2;1;3
data0057;18422;CNC(O)C(CC(O)O)NC(O)C(CO)NC(C)O.CNC(O)C(CCCCN)NC(C)O;CNC(O)C(NC(O)C(CC(N)O)NC(C)O)C(C)O;2;1;3
data0057;28214;CNC(O)C(CCCCN)NC(C)O;CNC(O)C(CCC(O)O)NC(C)O.CNC(O)C(CCCCN)NC(O)C(CC(C)C)NC(C)O;1;2;3
data0057;33450;CNC(O)C(CC(O)O)NC(C)O.CNC(O)C(CCCNC(N)N)NC(C)O;CNC(O)C(CSSCC(NC(C)O)C(O)NC)NC(C)O;2;1;3
data0057;42301;CNC(O)C(CC1CNC2CCCCC12)NC(C)O;CNC(O)C(CCC(O)O)NC(C)O.CNC(O)C(CCCCN)NC(C)O;1;2;3
data0057;45144;CNC(O)C(CCC(O)O)NC(O)C(CS)NC(C)O.O;CNC(O)CNC(C)O;2;1;3
data0057;46409;CCC(C)C(NC(C)O)C(O)NC(CC1CNCN1)C(O)NC.CNC(O)C(CC(O)O)NC(O)C(CCC(O)O)NC(C)O;CNC(O)C(CCC(N)O)NC(C)O;2;1;3
data0058;4093;CNC(O)C(CCC(O)O)NC(C)O.CNC(O)C(CCCCN)NC(C)O;CNC(O)C(NC(C)O)C(C)C;2;1;3
data0058;42089;CNC(O)C(NC(C)O)C(C)O;CNC(O)C(CCCNC(N)N)NC(O)C(CC1CCC(O)CC1)NC(C)O.NC1CCN(C2OC(CO[PH](O)(O)O)C(O)C2O)C(O)N1;1;2;3
data0058;45041;CNC(O)C(CC(O)O)NC(C)O.CNC(O)C(CC1CCC(O)CC1)NC(C)O;CNC(O)C(CC(O)O)NC(C)O;2;1;3
data0059;1306;CNC(O)C(CC1CCC(O)CC1)NC(C)O;CNC(O)C(CC(O)O)NC(C)O.CNC(O)C(CCCNC(N)N)NC(O)C(CCC(N)O)NC(O)C(CO)NC(C)O;1;2;3
data0059;7893;CCC(C)C(NC(C)O)C(O)NC(CC1CCC(O)CC1)C(O)NC(CCC(N)O)C(O)NC.CNC(O)C(NC(C)O)C(C)C;CCC(C)C(NC(C)O)C(O)NC;2;1;3
data0059;12075;CNC(O)C(CC1CCC(O)CC1)NC(C)O.CNC(O)C1CCCN1C(O)C(CCC(N)O)NC(C)O;CNC(O)C(NC(C)O)C(C)C;2;1;3
data0059;13512;CCC(C)C(NC(C)O)C(O)NC;CNC(O)C(CC1CCC(O)CC1)NC(C)O.CNC(O)C(CCCCN)NC(C)O;1;2;3
data0059;19379;CNC(O)CNC(C)O;CNC(O)C(CO)NC(O)C(CC1CNCN1)NC(C)O.CNC(O)C(NC(C)O)C(C)O;1;2;3
data0059;33013;CNC(O)C(CO)NC(C)O;CNC(O)C(CCC(O)O)NC(O)C(CO)NC(C)O.O;1;2;3
data0061;14375;CNC(O)C1CCCN1C(C)O;CNC(O)C(CCC(N)O)NC(C)O.CNC(O)C(CCCCN)NC(C)O;1;2;3
data0061;25507;CNC(O)C(CC1CCC(O)CC1)NC(C)O.CNC(O)C(CC1CCCCC1)NC(C)O;CNC(O)C(CCCCN)NC(C)O;2;1;3
data0061;27879;CNC(O)C(C)NC(C)O.CNC(O)C(CC1CNCN1)NC(C)O;CNC(O)C(C)NC(C)O;2;1;3
data0061;30002;CNC(O)C(CCCNC(N)N)NC(C)O.CNC(O)C(CO)NC(O)C(CCC(O)O)NC(C)O;CNC(O)C(CC1CNCN1)NC(C)O;2;1;3
data0061;34124;CNC(O)C(CCCCN)NC(C)O;CNC(O)C(CCC(O)O)NC(C)O.CNC(O)C(CO)NC(C)O;1;2;3
data0061;37888;CNC(O)C(CCCNC(N)N)NC(O)C(CC1CCC(O)CC1)NC(C)O.NC1CCN(C2OC(COP(O)O)C(O[PH](O)(O)OCC3OC(N4CNC5C(N)NCNC54)C(O)C3O)C2O)C(O)N1;NC1NC(O)C2NCN(C3OC(COP(O)O)C(O[PH](O)(O)OCC4OC(N5CCC(O)NC5O)C(O)C4O[PH](O)(O)OCC4OC(N5CCC(O)NC5O)C(O)C4O)C3O)C2N1;2;1;3
data0061;47065;CNC(O)C(CCC(N)O)NC(C)O.CNC(O)C(CO)NC(O)C(NC(C)O)C(C)O;CNC(O)C(NC(C)O)C(C)O;2;1;3
data0062;9958;CNC(O)C(CC1CNCN1)NC(C)O.CNC(O)CNC(O)C(CC(O)O)NC(C)O;CNC(O)C(C)NC(C)O;2;1;3
data0062;26173;CNC(O)C(CCCNC(N)N)NC(C)O;CNC(O)C(CC(O)O)NC(C)O.CNC(O)C(CO)NC(C)O;1;2;3
data0062;31562;CNC(O)C(CCC(O)O)NC(C)O.O;CNC(O)C1CCCN1C(C)O;2;1;3
data0062;37539;CCOC(O)N1CCN(C(O)CNCC2CCCS2)CC1.CNC(O)C(CCC(O)O)NC(C)O;CNC(O)C(CC1CNCN1)NC(C)O;2;1;3
data0062;39568;CNC(O)CNC(C)O;CNC(O)C(C)NC(C)O.CNC(O)C(NC(C)O)C(C)C;1;2;3
data0062;42088;CNC(O)C(CCCCN)NC(O)C(NC(C)O)C(C)O.CNC(O)C1CCCN1C(O)C(CC1CCC(O)CC1)NC(O)C(CCCCN)NC(O)C(CC(O)O)NC(O)CNC(O)C(CSSCCNC(O)CCNC(O)C(O)C(C)(C)CO[PH](O)(O)O[PH](O)(O)OCC1OC(N2CNC3C(N)NCNC32)C(O)C1O[PH](O)(O)O)NC(C)O;CNC(O)C(CC(C)C)NC(C)O;2;1;3
data0063;17211;CCN1CC(S(O)(O)NC(CCOC)C(O)O)C(N(O)O)N1.CNC(O)C(CC1CNC2CCCCC12)NC(C)O;CNC(O)C(CCSC)NC(O)C(NC(O)C(CC(C)C)NC(C)O)C(C)C;2;1;3
data0063;20351;CNC(O)C(NC(C)O)C(C)C;CNC(O)C1CCCN1C(O)C(CC(N)O)NC(O)C(CC1CCC(O)CC1)NC(C)O.CNC(O)C1CCCN1C(O)C(CCCCN)NC(O)C(CCCNC(N)N)NC(C)O;1;2;3
data0063;29237;CNC(O)C(CC1CNCN1)NC(O)C(CCCCN)NC(C)O.CNC(O)C(CCC(O)O)NC(C)O;CNC(O)C(CC1CNCN1)NC(C)O;2;1;3
data0063;41108;CNC(O)C(CCCCN)NC(C)O;CNC(O)C(NC(C)O)C(C)O.O[PH](O)(O)O;1;2;3
data0063;46264;CNC(O)C(CCCCN)NC(C)O.CNC(O)C(CS)NC(C)O;CNC(O)C(CCSC)NC(C)O;2;1;3
data0063;48467;CNC(O)C(C)NC(O)CNC(O)C(CC1CCC(O)CC1)NC(C)O.CNC(O)CNC(O)C(CC1CNCN1)NC(C)O;COCC1CC(O)NC(NC2NC3CCC(C)CC3O2)N1;2;1;3
data0063;48584;CNC(O)C(C)NC(C)O.CNC(O)C(CCCNC(N)N)NC(C)O;CNC(O)C(CC1CCC(O)CC1)NC(C)O;2;1;3
data0064;253;CNC(O)C(CC(C)C)NC(O)C(CCCCN)NC(C)O.CNC(O)C(CCC(O)O)NC(O)C(CCCCN)NC(C)O;CNC(O)C(CCCNC(N)N)NC(C)O;2;1;3
data0064;4069;CNC(O)C(CCCNC(N)N)NC(C)O;CNC(O)C(CC1CCC(O)CC1)NC(O)C(CCSC)NC(C)O.CNC(O)C(CCCCN)NC(C)O;1;2;3
data0064;16696;CC1CC(C)N(CC(O)CN2C(C)C(C)C3CCCCC32)N1.CNC(O)C(CO)NC(O)C(CO)NC(O)C(CCSC)NC(C)O;CNC(O)C(CCCCN)NC(C)O;2;1;3
data0064;24912;CNC(O)C(CCCNC(N)N)NC(C)O.CNC(O)C1CCCN1C(O)C(CC(O)O)NC(C)O;CNC(O)C(CCCCN)NC(C)O;2;1;3
data0064;31882;CNC(O)C1CCCN1C(O)C(CS)NC(O)C(CC1CNC2CCCCC12)NC(C)O.O;CNC(O)C1CCCN1C(O)C1CCCN1C(C)O;2;1;3
data0064;40683;CNC(O)C(CC(O)O)NC(C)O.CNC(O)C(CC1CNCN1)NC(C)O;CNC(O)CNC(C)O;2;1;3
data0065;11844;CNC(O)C(CC1CCC(O)CC1)NC(C)O;CNC(O)C(C)NC(C)O.CNC(O)C(CCCCN)NC(O)C(CCC(O)O)NC(C)O;1;2;3
data0065;12084;CNC(O)C(CCCCN)NC(C)O;CNC(O)C(CCC(O)O)NC(O)CNC(O)C(CC(O)O)NC(C)O.O;1;2;3
data0065;22716;CNC(O)C(CC(O)O)NC(C)O;CNC(O)C(CC(N)O)NC(O)C(CC(O)O)NC(C)O.CNC(O)C(CCCNC(N)N)NC(C)O;1;2;3
data0065;32009;CNC(O)C(CC(O)O)NC(O)CNC(O)C(CC1CNCN1)NC(C)O.CNC(O)C(CS)NC(C)O;OC(CCCCC1CCC2OCOC2C1)N1CCCC1;2;1;3
data0066;5061;CNC(O)C(CCC(O)O)NC(O)C(CC1CCCCC1)NC(O)C(CCC(N)O)NC(O)C(NC(C)O)C(C)C.CNC(O)C(CCCNC(N)N)NC(C)O;CCC(C)C(NC(C)O)C(O)NC;2;1;3
data0066;10935;CNC(O)C(CC1CCC(O)CC1)NC(C)O.CNC(O)C(CCCNC(N)N)NC(O)C(CCC(O)O)NC(C)O;CNC(O)CNC(C)O;2;1;3
data0066;20413;CNC(O)C(CC(O)O)NC(C)O.CNC(O)C(CC1CCC(O)CC1)NC(C)O;CNC(O)C(CCC(N)O)NC(C)O;2;1;3
data0066;28924;NC1CCN(C2OC(CO[PH](O)(O)O)C(O)C2O)C(O)N1.NC1NCNC2C1NCN2C1OC(CO[PH](O)(O)O)C(O)C1O;NC1CCN(C2OC(CO[PH](O)(O)OC3C(CO[PH](O)(O)O)OC(N4CCC(O)NC4O)C3O)C(O)C2O)C(O)N1;2;1;3
data0066;37497;CNC(O)C(CC1CCC(O)CC1)NC(C)O.CNC(O)C(CCC(O)O)NC(O)C(NC(C)O)C(C)O;CNC(O)C(NC(C)O)C(C)O;2;1;3
data0066;45810;CNC(O)C(CC1CCC(O)CC1)NC(C)O.CNC(O)CNC(C)O;CNC(O)C(CC1CCC(O)CC1)NC(C)O;2;1;3
data0067;767;CNC(O)C(CCCNC(N)N)NC(C)O;CC1CN(C2CC(O)C(CO[PH](O)(O)OC3CC(N4CC(C)C(O)NC4O)OC3CO[PH](O)(O)OC3CC(N4CNC5C(O)NC(N)NC54)OC3COP(O)O)O2)C(O)NC1O.NC1CCN(C2CC(O[PH](O)(O)OCC3OC(N4CNC5C(N)NCNC54)CC3O)C(CO[PH](O)(O)OC3CC(N4CNC5C(N)NCNC54)OC3COP(O)O)O2)C(O)N1;1;2;3
data0067;12302;CNC(O)C(CC1CCC(O)CC1)NC(C)O;CNC(O)C(CCC(N)O)NC(C)O.CNC(O)C(CCCCN)NC(C)O;1;2;3
data0067;25210;CNC(O)C(CO)NC(O)C(CCCNC(N)N)NC(C)O.NC1CCN(C2CC(O)C(CO[PH](O)(O)O)O2)C(O)N1;NC1NC(O)C2NCN(C3CC(O)C(CO[PH](O)(O)O[PH](O)(O)O[PH](O)(O)O)O3)C2N1;2;1;3
data0067;26849;CNC(O)C(CO)NC(C)O;CNC(O)C(CC(O)O)NC(C)O.CNC(O)C(CCCNC(N)N)NC(C)O;1;2;3
data0067;39955;CNC(O)C(CC(O)O)NC(C)O.CNC(O)C(CCCNC(N)N)NC(C)O;CNC(O)CNC(C)O;2;1;3
data0067;40303;CNC(O)C(CC(O)O)NC(O)C(CCCNC(N)N)NC(C)O.CNC(O)C(CCCCN)NC(C)O;CNC(O)C(CCCCN)NC(C)O;2;1;3
data0067;42270;CCC(NC(C)O)C(O)NC;OC1C(COP(O)O)OC(N2CCCNC2)C1O.OC1C(CO[PH](O)(O)O)OC(N2CCCNC2)C1O;1;2;3
data0068;3577;CNC(O)C(CCC(O)O)NC(C)O.CNC(O)C(CCC(O)O)NC(C)O;CNC(O)C(NC(O)C(CCCCN)NC(C)O)C(C)O;2;1;3
data0068;7700;CNC(O)C(C)NC(C)O.CNC(O)C(CCCCN)NC(O)C(CC(C)C)NC(C)O;CNC(O)C(CS)NC(C)O;2;1;3
data0068;36321;CNC(O)CNC(C)O;CNC(O)C(CCCCNCC1C(CO[PH](O)(O)O)CNC(C)C1O)NC(C)O.CNC(O)CNC(C)O;1;2;3
data0068;40350;CNC(O)C(CCC(O)O)NC(C)O.CNC(O)C(CCCNC(N)N)NC(O)C(NC(C)O)C(C)O;CNC(O)CNC(C)O;2;1;3
data0069;7958;CNC(O)C(CCC(O)O)NC(C)O.CNC(O)C(CCCNC(N)N)NC(C)O;CNC(O)C(NC(C)O)C(C)C;2;1;3
data0069;22176;CNC(O)C(CCCNC(N)N)NC(C)O;CNC(O)C(CCC(O)O)NC(C)O.CNC(O)C1CCCN1C(C)O;1;2;3
data0069;24510;CNC(O)C(CC1CCC(O)CC1)NC(C)O.CNC(O)C(CCC(O)O)NC(O)C(NC(C)O)C(C)C;CNC(O)C(CO)NC(C)O;2;1;3
data0069;31029;CNC(O)C(CC(O)O)NC(O)C(CC1CCC(O)CC1)NC(O)CNC(C)O;CNC(O)C(CCCCN)NC(C)O.CNC(O)C(CCCCN)NC(C)O;1;2;3
data0069;40387;CNC(O)C(CC(O)O)NC(C)O.CNC(O)C(CCCCN)NC(C)O;CNC(O)C(CCC(O)O)NC(C)O;2;1;3
data0069;40845;CNC(O)C(CS)NC(C)O;CNC(O)C(CC(N)O)NC(C)O.CNC(O)CNC(O)C(CCC(N)O)NC(C)O;1;2;3
data0069;47770;CNC(O)C(CC1CCC(O)CC1)NC(C)O;CNC(O)C(CCCNC(N)N)NC(C)O.CNC(O)CNC(C)O;1;2;3
data0070;1162;CNC(O)C(NC(O)C(CC1CNCN1)NC(C)O)C(C)O.O[SH](O)O;CNC(O)CNC(O)C(CO)NC(O)C(C)NC(O)C(CCC(O)O)NC(C)O;2;1;3
data0070;11121;CNC(O)C(CC(C)C)NC(O)C(CC(O)O)NC(C)O.CNC(O)C1CCCN1C(O)C(CO)NC(C)O;CNC(O)C(CCC(O)O)NC(C)O;2;1;3
data0070;17142;CNC(O)C(CC(O)O)NC(O)C(CCCNC(N)N)NC(C)O.CNC(O)C(CCC(O)O)NC(C)O;CNC(O)C1CCCN1C(O)C(CC(N)O)NC(C)O;2;1;3
data0070;33845;CNC(O)C(CCCNC(N)N)NC(O)C(CCCCN)NC(C)O.CNC(O)CNC(C)O;CNC(O)C(CC(O)O)NC(C)O;2;1;3
data0070;42772;CNC(O)C(CC1CCCCC1)NC(O)C(CC(O)O)NC(C)O;CNC(O)C(CC(N)O)NC(C)O.CNC(O)C(CCC(O)O)NC(C)O;1;2;3
data0071;3089;CC(O)NC1CCC(CNC(O)C2CN3CC(C)NC3S2)CN1.CNC(O)C(CCCCNCC1C(CO[PH](O)(O)O)CNC(C)C1O)NC(C)O;CNC(O)C(CC1CNCN1)NC(O)C(CCC(N)O)NC(O)CNC(O)C(C)NC(O)CNC(O)C(NC(O)C(CCC(O)O)NC(C)O)C(C)O;2;1;3
data0071;5584;CCCC1NC(CNCC2CCCN2C(O)C(CC)OC)CS1.CNC(O)C(CCC(O)O)NC(O)C(CO)NC(C)O;CNC(O)C(CCCCN)NC(O)C(CC(N)O)NC(C)O;2;1;3
data0071;5665;CNC(O)C(CCC(O)O)NC(C)O.CNC(O)C(CO)NC(C)O;CNC(O)C(NC(C)O)C(C)C;2;1;3
data0071;16183;CNC(O)C(CCC(N)O)NC(C)O.NO;CNC(O)C(CC1CNCN1)NC(C)O;2;1;3
data0071;16193;CNC(O)C(CCCCN)NC(C)O;CNC(O)C(CC(C)C)NC(O)C(CC(C)C)NC(C)O.CNC(O)C(CC(O)O)NC(C)O;1;2;3
data0071;21032;CNC(O)C(CC(N)O)NC(C)O.CNC(O)CNC(C)O;CNC(O)C(CC1CCC(O)CC1)NC(C)O;2;1;3
data0071;24843;CCC(C)C(NC(C)O)C(O)NC.CNC(O)C(NC(C)O)C(C)C;CNC(O)C(CC1CCCCC1)NC(C)O;2;1;3
data0071;34496;CNC(O)C(CC(C)C)NC(O)CNC(O)C(CC(N)O)NC(C)O.COC(O)C1C(C)CCCC1NC(O)C1CCC(S(N)(O)O)CN1;CNC(O)C(C)NC(C)O;2;1;3
data0071;41467;CNC(O)C(CCC(N)O)NC(C)O.CNC(O)C(CO)NC(C)O;CCC(C)C(NC(C)O)C(O)NC;2;1;3
data0071;47097;CNC(O)C(CCC(O)O)NC(C)O.CNC(O)C(CCCNC(N)N)NC(C)O;CNC(O)C(CC(C)C)NC(C)O;2;1;3
data0071;49749;CNC(O)C(CCC(O)O)NC(C)O.CNC(O)C(CCCNC(N)N)NC(C)O;CNC(O)CNC(C)O;2;1;3
data0072;10761;CNC(O)C(CCC(O)O)NC(O)C(CC(O)O)NC(C)O.CNC(O)C1CCCN1C(O)C(CCCNC(N)N)NC(C)O;CNC(O)C(CO)NC(C)O;2;1;3
data0072;11643;CN1NNC(NC(S)NC(O)C2CCCO2)N1.CNC(O)C(CS)NC(C)O;CNC(O)C(CC(N)O)NC(C)O;2;1;3
data0073;10968;CNC(O)C(CC(C)C)NC(C)O;CNC(O)C(CCCCN)NC(C)O.CNC(O)C(NC(C)O)C(C)O;1;2;3
data0073;16871;CNC(O)C(CC(O)O)NC(C)O.CNC(O)C(CCCNC(N)N)NC(C)O;CNC(O)C(CCC(N)O)NC(C)O;2;1;3
data0073;31779;CNC(O)C(CC1CNCN1)NC(C)O.COC1CCCCC1NC(O)CSC1NNC(CC2CCCCC2)N1;CNC(O)C(CC1CCC(O)CC1)NC(C)O;2;1;3
data0073;35119;CNC(O)C(CC1CCC(O)CC1)NC(C)O.CNC(O)C(CCC(O)O)NC(C)O;CNC(O)C(C)NC(C)O;2;1;3
data0073;39982;CNC(O)C(C)NC(O)C(CO)NC(C)O.CNC(O)C(CC1CCC(O)CC1)NC(C)O;CNC(O)C(C)NC(C)O;2;1;3
data0074;373;CN1CC(CN2CCCC(CNC(O)COCC3CC3)C2)NN1.CNC(O)C(NC(O)C(NC(O)C(CC(C)C)NC(C)O)C(C)O)C(C)O;CNC(O)C(CC1CNCN1)NC(C)O;2;1;3
data0074;5299;CNC(O)C(NC(C)O)C(C)C;CNC(O)C(C)NC(C)O.CNC(O)CNC(O)C(CO)NC(C)O;1;2;3
data0074;8466;CCC(C)C(NC(O)C(CO)NC(C)O)C(O)NC;CCC(C)C(NC(O)C(NC(C)O)C(C)O)C(O)NC.CNC(O)C(C)NC(O)C(NC(C)O)C(C)C;1;2;3
data0074;12968;CNC(O)C(CC(O)O)NC(C)O.CNC(O)C(CO[PH](O)(O)O)NC(O)CNC(O)C(CC1CNCN1)NC(C)O;CNC(O)C(CCCNC(N)N)NC(C)O;2;1;3
data0074;14215;CNC(O)C(NC(C)O)C(C)O;CNC(O)C(CC1CNCN1)NC(C)O.CNC(O)C(CO)NC(C)O;1;2;3
data0074;19821;CCC(C)C(NC(O)C(NC(C)O)C(C)C)C(O)NC;CNC(O)C(CC(N)O)NC(C)O.CNC(O)C(CCCCN)NC(O)C(CO)NC(C)O;1;2;3
data0074;27062;CNC(O)C(NC(C)O)C(C)C;NC1NCNC2C1NCN2C1OC(COP(O)O)C(O)C1O.OC1CCN(C2OC(CO[PH](O)(O)O)C(O)C2O)C(O)N1;1;2;3
data0074;31398;CNC(O)C(CC1CCC(O)CC1)NC(C)O.COC1CC(N(O)O)CCC1NC(O)CN1CCCC(C)C1C;CNC(O)C(CC(O)O)NC(C)O;2;1;3
data0074;40216;CNC(O)C(CC(O)O)NC(C)O.CNC(O)C(CCCNC(N)N)NC(C)O;CNC(O)C(CC(C)C)NC(C)O;2;1;3
data0074;41158;CNC(O)C(CCC(O)O)NC(C)O.CNC(O)C(CCCNC(N)N)NC(C)O;CNC(O)C(NC(C)O)C(C)C;2;1;3
data0075;19001;CNC(O)CNC(O)CNC(C)O;NC(O)C1CCCN(C2OC(CO[PH](O)(O)O[PH](O)(O)OCC3OC(N4CNC5C(N)NCNC54)C(O[PH](O)(O)O)C3O)C(O)C2O)C1.OC1CCC(C2COC3CC(O)CC(O)C3C2O)CC1;1;2;3
data0075;31250;CNC(O)C(CC1CCC(O)CC1)NC(C)O.CNC(O)C(CCC(O)O)NC(C)O;CNC(O)C1CCCN1C(C)O;2;1;3
data0076;3404;CNC(O)C(CC(C)C)NC(C)O;CNC(O)C(CCC(O)O)NC(C)O.CNC(O)C(CCCCN)NC(C)O;1;2;3
data0076;17231;CNC(O)C(CCC(O)O)NC(C)O.CNC(O)C(CCCNC(N)N)NC(C)O;CNC(O)CNC(C)O;2;1;3
data0076;23732;CNC(O)C(CO)NC(C)O;CCC(C)C(NC(O)C(CC(C)C)NC(O)C(CCCCN)NC(C)O)C(O)NC.CNC(O)C(NC(C)O)C(C)C;1;2;3
data0076;43135;CNC(O)C(CC(C)C)NC(C)O;CNC(O)C(CC1CCC(O)CC1)NC(O)CNC(C)O.CNC(O)C(CC1CNCN1)NC(C)O;1;2;3
data0076;44977;CNC(O)C(CC1CCCCC1)NC(O)C(CC1CCC(O)CC1)NC(C)O.CNC(O)C(CCCNC(N)N)NC(C)O;CNC(O)C(CC(C)C)NC(C)O;2;1;3
data0077;9003;CCC(C)C(NC(O)C(CO)NC(C)O)C(O)NC.NC1CCN(C2CCC(CO[PH](O)(O)O)O2)C(O)N1;NC1NC(O)C2NCN(C3CC(O)C(CO[PH](O)(O)O)O3)C2N1;2;1;3
data0077;24069;CNC(O)C(CCC(N)O)NC(C)O;CNC(O)C(CCCCN)NC(C)O.CNC(O)C(CCCCN)NC(O)CNC(O)C(CCC(O)O)NC(C)O;1;2;3
data0077;24613;CNC(O)C(C)NC(C)O.CNC(O)C(CCCNC(N)N)NC(C)O;CNC(O)C(CC(O)O)NC(C)O;2;1;3
data0077;24918;CNC(O)C(CC1CNCN1)NC(C)O.OC1CCN(C2OC(CO[PH](O)(O)O)C(O)C2O)C(O)N1;CNC(O)C(CC1CNC2CCCCC12)NC(C)O;2;1;3
data0077;25796;CNC(O)C1CCCN1C(C)O;CNC(O)C(C)NC(C)O.CNC(O)C(NC(C)O)C(C)O;1;2;3
data0078;8454;CNC(O)C(C)NC(O)C(CCCNC(N)N)NC(O)C(CCC(O)O)NC(C)O.CNC(O)C(CC1CNC2CCCCC12)NC(O)C(CCCNC(N)N)NC(C)O;CNC(O)C(NC(C)O)C(C)O;2;1;3
data0078;32730;CNC(O)C(CC(O)O)NC(C)O.CNC(O)C1CCCN1C(C)O;CNC(O)C(NC(O)C(CCCCN)NC(C)O)C(C)O;2;1;3
data0078;36283;CC1CN(C2CC(O)C(COP(O)O)O2)C(O)NC1O.CNC(O)C(CCCNC(N)N)NC(O)C(NC(C)O)C(C)O;CNC(O)CNC(C)O;2;1;3
data0078;44289;CNC(O)C(CC(O)O)NC(C)O.CNC(O)C(CC1CNCN1)NC(C)O;CNC(O)C(CC1CNCN1)NC(C)O;2;1;3
data0079;12922;CNC(O)C(CC1CCC(O)CC1)NC(C)O.CNC(O)C(CCCCN)NC(O)C(CC(O)O)NC(O)CNC(O)C(CS)NC(C)O;CNC(O)C(CCCCN)NC(O)C(CC(C)C)NC(O)C(CC1CNCN1)NC(C)O;2;1;3
data0079;25956;CNC(O)C(CC(O)O)NC(C)O.CNC(O)C(CC1CCC(O)CC1)NC(O)C(CCCNC(N)N)NC(C)O;CNC(O)C(CCCNC(N)N)NC(C)O;2;1;3
data0079;31785;CNC(O)C(CC1CNCN1)NC(C)O;CNC(O)C(NC(C)O)C(C)O.O;1;2;3
